{
    "best_strategy": {
        "precision": "int4",
        "prune_ratio": 0.65,
        "expected_memory_multiplier": 0.0475,
        "expected_latency_multiplier": 0.20579999999999998,
        "deployment_mode": "balanced"
    },
    "hardware_comparison": [
        {
            "hardware": "AMD_MI300X",
            "strategy": {
                "precision": "int4",
                "prune_ratio": 0.65,
                "expected_memory_multiplier": 0.0475,
                "expected_latency_multiplier": 0.20579999999999998,
                "deployment_mode": "balanced"
            },
            "latency_estimate": 0.08105353846153845,
            "throughput_estimate": 12.337524295432459,
            "energy_consumption": 60.79015384615384,
            "cost_estimate": 0.0001483730051282051,
            "adjusted_memory": 197.81169921875,
            "hardware_fit_score": 100.0,
            "score": 100.0
        },
        {
            "hardware": "AMD_MI300X",
            "strategy": {
                "precision": "int4",
                "prune_ratio": 0.65,
                "expected_memory_multiplier": 0.0475,
                "expected_latency_multiplier": 0.20579999999999998,
                "deployment_mode": "high_performance"
            },
            "latency_estimate": 0.08105353846153845,
            "throughput_estimate": 12.337524295432459,
            "energy_consumption": 60.79015384615384,
            "cost_estimate": 0.0001483730051282051,
            "adjusted_memory": 197.81169921875,
            "hardware_fit_score": 100.0,
            "score": 100.0
        },
        {
            "hardware": "AMD_MI300X",
            "strategy": {
                "precision": "int4",
                "prune_ratio": 0.65,
                "expected_memory_multiplier": 0.0475,
                "expected_latency_multiplier": 0.20579999999999998,
                "deployment_mode": "low_power"
            },
            "latency_estimate": 0.08105353846153845,
            "throughput_estimate": 12.337524295432459,
            "energy_consumption": 60.79015384615384,
            "cost_estimate": 0.0001483730051282051,
            "adjusted_memory": 197.81169921875,
            "hardware_fit_score": 100.0,
            "score": 100.0
        },
        {
            "hardware": "AMD_MI300X",
            "strategy": {
                "precision": "int4",
                "prune_ratio": 0.6,
                "expected_memory_multiplier": 0.05,
                "expected_latency_multiplier": 0.21,
                "deployment_mode": "balanced"
            },
            "latency_estimate": 0.0827076923076923,
            "throughput_estimate": 12.09077380952381,
            "energy_consumption": 62.030769230769224,
            "cost_estimate": 0.00015140102564102563,
            "adjusted_memory": 208.11757812500002,
            "hardware_fit_score": 100.0,
            "score": 99.81967588926189
        },
        {
            "hardware": "AMD_MI300X",
            "strategy": {
                "precision": "int4",
                "prune_ratio": 0.6,
                "expected_memory_multiplier": 0.05,
                "expected_latency_multiplier": 0.21,
                "deployment_mode": "high_performance"
            },
            "latency_estimate": 0.0827076923076923,
            "throughput_estimate": 12.09077380952381,
            "energy_consumption": 62.030769230769224,
            "cost_estimate": 0.00015140102564102563,
            "adjusted_memory": 208.11757812500002,
            "hardware_fit_score": 100.0,
            "score": 99.81967588926189
        },
        {
            "hardware": "AMD_MI300X",
            "strategy": {
                "precision": "int4",
                "prune_ratio": 0.6,
                "expected_memory_multiplier": 0.05,
                "expected_latency_multiplier": 0.21,
                "deployment_mode": "low_power"
            },
            "latency_estimate": 0.0827076923076923,
            "throughput_estimate": 12.09077380952381,
            "energy_consumption": 62.030769230769224,
            "cost_estimate": 0.00015140102564102563,
            "adjusted_memory": 208.11757812500002,
            "hardware_fit_score": 100.0,
            "score": 99.81967588926189
        },
        {
            "hardware": "AMD_MI300X",
            "strategy": {
                "precision": "int4",
                "prune_ratio": 0.6,
                "expected_memory_multiplier": 0.05,
                "expected_latency_multiplier": 0.21,
                "deployment_mode": "balanced"
            },
            "latency_estimate": 0.0827076923076923,
            "throughput_estimate": 12.09077380952381,
            "energy_consumption": 62.030769230769224,
            "cost_estimate": 0.00015140102564102563,
            "adjusted_memory": 208.11757812500002,
            "hardware_fit_score": 100.0,
            "score": 99.81967588926189
        },
        {
            "hardware": "AMD_MI300X",
            "strategy": {
                "precision": "int4",
                "prune_ratio": 0.6,
                "expected_memory_multiplier": 0.05,
                "expected_latency_multiplier": 0.21,
                "deployment_mode": "high_performance"
            },
            "latency_estimate": 0.0827076923076923,
            "throughput_estimate": 12.09077380952381,
            "energy_consumption": 62.030769230769224,
            "cost_estimate": 0.00015140102564102563,
            "adjusted_memory": 208.11757812500002,
            "hardware_fit_score": 100.0,
            "score": 99.81967588926189
        },
        {
            "hardware": "AMD_MI300X",
            "strategy": {
                "precision": "int4",
                "prune_ratio": 0.6,
                "expected_memory_multiplier": 0.05,
                "expected_latency_multiplier": 0.21,
                "deployment_mode": "low_power"
            },
            "latency_estimate": 0.0827076923076923,
            "throughput_estimate": 12.09077380952381,
            "energy_consumption": 62.030769230769224,
            "cost_estimate": 0.00015140102564102563,
            "adjusted_memory": 208.11757812500002,
            "hardware_fit_score": 100.0,
            "score": 99.81967588926189
        },
        {
            "hardware": "AMD_MI300X",
            "strategy": {
                "precision": "int4",
                "prune_ratio": 0.45,
                "expected_memory_multiplier": 0.07125,
                "expected_latency_multiplier": 0.2352,
                "deployment_mode": "balanced"
            },
            "latency_estimate": 0.09263261538461538,
            "throughput_estimate": 10.795333758503402,
            "energy_consumption": 69.47446153846154,
            "cost_estimate": 0.0001695691487179487,
            "adjusted_memory": 295.71754882812496,
            "hardware_fit_score": 100.0,
            "score": 98.73773122483317
        }
    ],
    "scoring_breakdown": {
        "score": 100.0,
        "hardware_fit_score": 100.0,