{
    "original_request": "TinyLlama/TinyLlama-1.1B-Chat-v1.0",
    "model_id": "TinyLlama/TinyLlama-1.1B-Chat-v1.0",
    "status": "demo",
    "baseline_evaluation": {
        "strategy": {
            "precision": "fp32",
            "prune_ratio": 0.0,
            "expected_memory_multiplier": 1.0,
            "expected_latency_multiplier": 1.0,
            "deployment_mode": "balanced"
        },
        "hardware": "AMD_MI250",
        "simulation": {
            "memory_mb": 4730.0,
            "latency_ms": 756.885391793128,
            "throughput": 1.3212039905155417,
            "energy_kwh": 0.10512297108237888,
            "hardware_fit_score": 100.0,
            "cost_usd": 0.0007358607975766521,
            "score": 0.0,
            "roofline_info": "AI: 255.77 (P), 0.50 (D) | Ridge: 59.84",
            "roofline_telemetry": {
                "bandwidth": 3200000000000.0,
                "compute": 191500000000000.0,
                "ridge": 59.84375,
                "prefill_ai": 255.77132648503797,
                "prefill_perf": 191500000000000.0,
                "decode_ai": 0.4999991269013905,
                "decode_perf": 1599997206084.4495
            },
            "accuracy_penalty": 0.0
        }
    },
    "best_strategy": {
        "precision": "int8",
        "prune_ratio": 0.0,
        "expected_memory_multiplier": 0.25,
        "expected_latency_multiplier": 0.4,
        "deployment_mode": "high_performance"
    },
    "best_evaluation": {
        "strategy": {
            "precision": "int8",
            "prune_ratio": 0.0,
            "expected_memory_multiplier": 0.25,
            "expected_latency_multiplier": 0.4,
            "deployment_mode": "high_performance"
        },
        "hardware": "AMD_MI300X",
        "simulation": {
            "memory_mb": 1374.5,
            "latency_ms": 68.23109233955361,
            "throughput": 14.656074902384338,
            "energy_kwh": 0.011940441159421883,
            "hardware_fit_score": 100.0,
            "cost_usd": 0.00012319502783530512,
            "score": 0.0,
            "roofline_info": "AI: 1020.35 (P), 2.00 (D) | Ridge: 542.53",
            "roofline_telemetry": {
                "bandwidth": 5300000000000.0,
                "compute": 2875400000000000.0,
                "ridge": 542.5283018867924,
                "prefill_ai": 1020.3510022271715,
                "prefill_perf": 2875400000000000.0,
                "decode_ai": 1.9999860304954284,
                "decode_perf": 10599925961625.771
            },
            "accuracy_penalty": 0.1
        },
        "score": 92.8342526694884,
        "scoring_breakdown": {
            "efficiency_score": 92.8342526694884,
            "latency_score": 86.35378153208929,
            "cost_score": 99.99876804972165,
            "energy_score": 99.76119117681156,
            "accuracy_score": 90.0,
            "memory_score": 91.409375,
            "reasoning": "This strategy reduces memory transfer overhead by leveraging lower precision types, shifting the bottleneck towards compute. This achieves significant latency improvements while strictly abiding by your cost and constraint targets."
        },
        "reasoning": "This strategy reduces memory transfer overhead by leveraging lower precision types, shifting the bottleneck towards compute. This achieves significant latency improvements while strictly abiding by your cost and constraint targets."
    },
    "hardware_comparison": [
        {
            "strategy": {
                "precision": "int8",
                "prune_ratio": 0.0,
                "expected_memory_multiplier": 0.25,
                "expected_latency_multiplier": 0.4,
                "deployment_mode": "high_performance"
            },
            "hardware": "AMD_MI300X",
            "simulation": {
                "memory_mb": 1374.5,
                "latency_ms": 68.23109233955361,
                "throughput": 14.656074902384338,
                "energy_kwh": 0.011940441159421883,
                "hardware_fit_score": 100.0,
                "cost_usd": 0.00012319502783530512,
                "score": 0.0,
                "roofline_info": "AI: 1020.35 (P), 2.00 (D) | Ridge: 542.53",
                "roofline_telemetry": {
                    "bandwidth": 5300000000000.0,
                    "compute": 2875400000000000.0,
                    "ridge": 542.5283018867924,
                    "prefill_ai": 1020.3510022271715,
                    "prefill_perf": 2875400000000000.0,
                    "decode_ai": 1.9999860304954284,
                    "decode_perf": 10599925961625.771
                },
                "accuracy_penalty": 0.1
            },
            "score": 92.8342526694884,
            "scoring_breakdown": {
                "efficiency_score": 92.8342526694884,
                "latency_score": 86.35378153208929,
                "cost_score": 99.99876804972165,
                "energy_score": 99.76119117681156,
                "accuracy_score": 90.0,
                "memory_score": 91.409375,
                "reasoning": "This strategy reduces memory transfer overhead by leveraging lower precision types, shifting the bottleneck towards compute. This achieves significant latency improvements while strictly abiding by your cost and constraint targets."
            },
            "reasoning": "This strategy reduces memory transfer overhead by leveraging lower precision types, shifting the bottleneck towards compute. This achieves significant latency improvements while strictly abiding by your cost and constraint targets."
        },
        {
            "strategy": {
                "precision": "int8",
                "prune_ratio": 0.2,
                "expected_memory_multiplier": 0.2,
                "expected_latency_multiplier": 0.36000000000000004,
                "deployment_mode": "high_performance"
            },
            "hardware": "AMD_MI300X",
            "simulation": {
                "memory_mb": 1150.8000000000002,
                "latency_ms": 56.794430457006484,
                "throughput": 17.60736029841874,
                "energy_kwh": 0.009939025329976134,
                "hardware_fit_score": 100.0,
                "cost_usd": 0.0001025454994362617,
                "score": 0.0,
                "roofline_info": "AI: 1146.87 (P), 2.25 (D) | Ridge: 542.53",
                "roofline_telemetry": {
                    "bandwidth": 5300000000000.0,
                    "compute": 2875400000000000.0,
                    "ridge": 542.5283018867924,
                    "prefill_ai": 1146.8731642189584,
                    "prefill_perf": 2875400000000000.0,
                    "decode_ai": 2.2499803554184994,
                    "decode_perf": 11924895883718.047
                },
                "accuracy_penalty": 0.15000000000000002
            },
            "score": 92.69175631016088,
            "scoring_breakdown": {
                "efficiency_score": 92.69175631016088,
                "latency_score": 88.6411139085987,
                "cost_score": 99.99897454500564,
                "energy_score": 99.80121949340047,
                "accuracy_score": 85.0,
                "memory_score": 92.8075
            }
        },
        {
            "strategy": {
                "precision": "fp16",
                "prune_ratio": 0.2,
                "expected_memory_multiplier": 0.4,
                "expected_latency_multiplier": 0.54,
                "deployment_mode": "high_performance"
            },
            "hardware": "AMD_MI300X",
            "simulation": {
                "memory_mb": 2045.6000000000001,
                "latency_ms": 113.58836709407034,
                "throughput": 8.803718422783835,
                "energy_kwh": 0.019877964241462306,
                "hardware_fit_score": 100.0,
                "cost_usd": 0.00020509010725318255,
                "score": 0.0,